"taskType","objectInfo","location","eventSeriesId","eventId","jobInstanceId","status","startTime","endTime","hasJob","numberOfRetries","previousSuccessfulJobTime","nodeIds","isFirstFullSnapshot","eventDate"
"Backup","@{objectId=VirtualMachine:::63d0a6b5-a82b-4172-a92f-12cb954e7923-vm-74842; objectName=DECOMM NY2P1-P-VCTR01; objectType=VmwareVm}","ny2p1-m-vctr01.redicloud.local","16fbef71-1c3e-4007-b3b0-f44414c7e9c3","2020-01-14:03:4:::1578973348579-1d690fd4-deb1-40b2-8d32-ac442f50a3d7","CREATE_VMWARE_SNAPSHOT_63d0a6b5-a82b-4172-a92f-12cb954e7923-vm-74842:::1031","Canceled",,"2020-01-14T03:42:28.571Z","True","0","2020-01-13T15:47:10.041Z","System.Object[]","True","2020-01-14T03:42:28.579Z"
"Backup","@{objectId=VirtualMachine:::bbee8e36-0deb-4402-a1a0-8426f5643a12-vm-192904; objectName=BCHPGMS-XBDB; objectType=VmwareVm}","ny2p1-p-vctr01.redicloud.local","cd2c52cd-3963-4e4f-acf2-61e2fc4ce564","2020-01-14:01:2:::1578964920841-caa22c2b-8917-4363-9f69-42de9420afb1","CREATE_VMWARE_SNAPSHOT_bbee8e36-0deb-4402-a1a0-8426f5643a12-vm-192904:::2","Canceled",,"2020-01-14T01:22:00.834Z","True","0","2020-01-14T01:16:39.750Z","System.Object[]","False","2020-01-14T01:22:00.841Z"
"Backup","@{objectId=VcdVapp:::b337ba81-e9c3-4088-9b4f-28c43174e9aa; objectName=S-ISCSI-VAPP1; objectType=VcdVapp}","DATAVA02\Tenant Portal","c9b271bd-916e-424d-b683-60e25275a01f","2020-01-14:01:1:::1578964343506-d9f3b5ac-82cb-4e64-9d91-2779b8230693","VCD_VAPP_SNAPSHOT_b337ba81-e9c3-4088-9b4f-28c43174e9aa:::362","Canceled",,"2020-01-14T01:12:23.497Z","True","1",,"System.Object[]","True","2020-01-14T01:12:23.506Z"
"Backup","@{objectId=VirtualMachine:::bbee8e36-0deb-4402-a1a0-8426f5643a12-vm-65404; objectName=CWPWQB1 (2572f345-6288-4b44-a681-5f10c7141dab); objectType=VmwareVm}","ny2p1-p-vctr01.redicloud.local","145a71d1-eed5-4d33-8634-b7efa0b0f16d","2020-01-14:01:1:::1578964335924-5b954547-046b-410f-b0e9-55df50f0cbb7","CREATE_VMWARE_SNAPSHOT_bbee8e36-0deb-4402-a1a0-8426f5643a12-vm-65404:::119","Canceled",,"2020-01-14T01:12:15.917Z","True","0","2020-01-14T01:05:05.525Z","System.Object[]","False","2020-01-14T01:12:15.924Z"
"Backup","@{objectId=VcdVapp:::ef4d43c9-187e-48a9-be95-4e46738dfd85; objectName=T2-SHAREPOINT-VAPP1; objectType=VcdVapp}","DATAVA02\Tenant Portal","4bea4e6b-7a2f-4b1d-97f2-75c035f8b2d8","2020-01-14:01:1:::1578964349021-394168ef-bc86-41be-bd57-3527562022d7","VCD_VAPP_SNAPSHOT_ef4d43c9-187e-48a9-be95-4e46738dfd85:::374","Canceled",,"2020-01-14T01:12:29.012Z","True","0","2020-01-13T01:23:44.880Z","System.Object[]",,"2020-01-14T01:12:29.021Z"
"Backup","@{objectId=VirtualMachine:::bbee8e36-0deb-4402-a1a0-8426f5643a12-vm-79759; objectName=BSD16WS16-2rWF; objectType=VmwareVm}","ny2p1-p-vctr01.redicloud.local","c1cb45db-f1dd-45e3-9266-c10c9e0d648a","2020-01-14:01:1:::1578964587139-89aa49c9-0a2b-4109-a246-a247837dde71","CREATE_VMWARE_SNAPSHOT_bbee8e36-0deb-4402-a1a0-8426f5643a12-vm-79759:::428","Canceled",,"2020-01-14T01:16:27.132Z","True","0","2020-01-13T01:19:04.209Z","System.Object[]",,"2020-01-14T01:16:27.139Z"
"Backup","@{objectId=VcdVapp:::c722d10d-4775-4444-ac5b-f291937e0e51; objectName=B-OS122-WS12; objectType=VcdVapp}","DATAVA02\Tenant Portal","83d94b8c-268e-4c96-8cb5-b93e379070de","2020-01-14:01:1:::1578964201462-5583643f-583d-4f19-8698-7371e6c04893","VCD_VAPP_SNAPSHOT_c722d10d-4775-4444-ac5b-f291937e0e51:::374","Canceled",,"2020-01-14T01:10:01.454Z","True","0","2020-01-13T01:22:49.944Z","System.Object[]",,"2020-01-14T01:10:01.462Z"
"Backup","@{objectId=VcdVapp:::ecd9a5b6-094a-40df-b41f-d8a9411624fb; objectName=T-SP16-WS16-2dde8c22-38d6-430c-985d-930d4b3532e5; objectType=VcdVapp}","DATAVA02\Tenant Portal","235e5e21-b4fc-4d6d-9aa3-cc9ea670a6cc","2020-01-14:01:1:::1578964379893-f7341ed5-a188-4819-9fce-709a4b5fd9f2","VCD_VAPP_SNAPSHOT_ecd9a5b6-094a-40df-b41f-d8a9411624fb:::353","Canceled",,"2020-01-14T01:12:59.883Z","True","0","2020-01-13T01:28:55.496Z","System.Object[]","True","2020-01-14T01:12:59.893Z"
"Backup","@{objectId=VirtualMachine:::bbee8e36-0deb-4402-a1a0-8426f5643a12-vm-97533; objectName=BCHPLMC02-Mtr0; objectType=VmwareVm}","ny2p1-p-vctr01.redicloud.local","bd5b5cfd-1a85-4b48-b079-de264943f613","2020-01-14:01:0:::1578963616002-c2e735f8-0dcd-4423-b98e-88b4f20792b3","CREATE_VMWARE_SNAPSHOT_bbee8e36-0deb-4402-a1a0-8426f5643a12-vm-97533:::1","Canceled",,"2020-01-14T01:00:15.993Z","True","0","2020-01-14T01:23:35.758Z","System.Object[]","False","2020-01-14T01:00:16.002Z"
"Backup","@{objectId=VcdVapp:::aafcd902-7225-4047-bbf4-34260690a1a8; objectName=T1SSD12-WS12R2-588bbbc6-70b2-4bd3-98dd-215165f5dfdc; objectType=VcdVapp}","DATAVA02\Tenant Portal","83730473-dc81-409f-a567-d66144d0f19c","2020-01-14:01:0:::1578963862815-b2274420-3bca-492c-92dd-9719058df15d","VCD_VAPP_SNAPSHOT_aafcd902-7225-4047-bbf4-34260690a1a8:::376","Canceled",,"2020-01-14T01:04:22.806Z","True","0","2020-01-13T01:17:48.848Z","System.Object[]","True","2020-01-14T01:04:22.815Z"
"Backup","@{objectId=VirtualMachine:::bbee8e36-0deb-4402-a1a0-8426f5643a12-vm-53643; objectName=B-OS122-RHE7 (c84b52e6-ceb0-4112-b3ca-7ee340fb608f); objectType=VmwareVm}","ny2p1-p-vctr01.redicloud.local","e96a4610-5597-40fd-8825-a3c0f3dbbc94","2020-01-14:01:0:::1578963618723-ec86c9b6-441c-4d3d-a917-fb81564d9e33","CREATE_VMWARE_SNAPSHOT_bbee8e36-0deb-4402-a1a0-8426f5643a12-vm-53643:::575","Canceled",,"2020-01-14T01:00:18.716Z","True","0","2020-01-13T01:02:28.143Z","System.Object[]",,"2020-01-14T01:00:18.723Z"
"Backup","@{objectId=VirtualMachine:::bbee8e36-0deb-4402-a1a0-8426f5643a12-vm-65024; objectName=B-SSD17-WS16; objectType=VmwareVm}","ny2p1-p-vctr01.redicloud.local","1d741257-7b73-47a5-9fb8-e1ef50a0fc2f","2020-01-14:01:0:::1578963618729-bf8ffedf-e687-4368-aeb5-c3fc30416dd4","CREATE_VMWARE_SNAPSHOT_bbee8e36-0deb-4402-a1a0-8426f5643a12-vm-65024:::497","Canceled",,"2020-01-14T01:00:18.722Z","True","0","2020-01-13T01:10:34.547Z","System.Object[]",,"2020-01-14T01:00:18.729Z"
"Backup","@{objectId=VcdVapp:::78c60720-7238-4ec0-8593-6678771ee3ac; objectName=D-SD17WS16-D1; objectType=VcdVapp}","DATAVA02\Tenant Portal","fd3eb691-e45f-4ae7-a90a-81768bccaf92","2020-01-14:01:0:::1578963630378-04418073-846b-4cb9-b5e8-2438a8ac400a","VCD_VAPP_SNAPSHOT_78c60720-7238-4ec0-8593-6678771ee3ac:::279","Canceled",,"2020-01-14T01:00:30.369Z","True","0","2020-01-13T01:02:04.967Z","System.Object[]","True","2020-01-14T01:00:30.378Z"
"Backup","@{objectId=VirtualMachine:::bbee8e36-0deb-4402-a1a0-8426f5643a12-vm-106358; objectName=Oracle Linux 6.8-YP5Z; objectType=VmwareVm}","ny2p1-p-vctr01.redicloud.local","f200b8ed-041a-4afd-9f40-f01aa842f187","2020-01-14:01:0:::1578963619696-5fe1e073-ead1-4c1c-b10b-26cdb1550edb","CREATE_VMWARE_SNAPSHOT_bbee8e36-0deb-4402-a1a0-8426f5643a12-vm-106358:::332","Canceled",,"2020-01-14T01:00:19.681Z","True","0","2020-01-13T01:30:05.018Z","System.Object[]","True","2020-01-14T01:00:19.696Z"
"Backup","@{objectId=VirtualMachine:::bbee8e36-0deb-4402-a1a0-8426f5643a12-vm-26380; objectName=ChartGuard (0a66b75f-80c7-424b-a597-675de7a2b929); objectType=VmwareVm}","ny2p1-p-vctr01.redicloud.local","d599d848-b2cc-4c9a-ba6d-700b2fbdca51","2020-01-14:01:0:::1578963630385-b8e46f16-a80e-471c-9983-c8fd377195cd","CREATE_VMWARE_SNAPSHOT_bbee8e36-0deb-4402-a1a0-8426f5643a12-vm-26380:::419","Canceled",,"2020-01-14T01:00:30.378Z","True","0","2020-01-14T01:25:41.726Z","System.Object[]","False","2020-01-14T01:00:30.385Z"
"Backup","@{objectId=VcdVapp:::4db9415b-4f0d-4daf-a296-59552920b010; objectName=T1-SHAREPOINT-VAPP1; objectType=VcdVapp}","DATAVA02\Tenant Portal","ba9e526a-85ca-4ffb-900b-297e0356ce78","2020-01-14:01:0:::1578963634174-dbb99f43-4010-4ec4-a3aa-1dd19e19355e","VCD_VAPP_SNAPSHOT_4db9415b-4f0d-4daf-a296-59552920b010:::374","Canceled",,"2020-01-14T01:00:34.165Z","True","0","2020-01-13T01:00:18.268Z","System.Object[]",,"2020-01-14T01:00:34.174Z"
"Backup","@{objectId=VcdVapp:::b3599178-8db6-406f-b425-379fbfbe84ff; objectName=TBC4L; objectType=VcdVapp}","DATAVA02\Tenant Portal","ddf2eab0-225a-48bd-8897-b9a999c030c5","2020-01-14:01:0:::1578963989218-4272be00-813a-4bd0-a03f-acb548c27345","VCD_VAPP_SNAPSHOT_b3599178-8db6-406f-b425-379fbfbe84ff:::80","Canceled",,"2020-01-14T01:06:29.210Z","True","0","2020-01-13T01:10:13.440Z","System.Object[]",,"2020-01-14T01:06:29.218Z"
"Backup","@{objectId=VcdVapp:::804440f2-6ea0-4c6b-a07c-a84d8bb863a8; objectName=B-MyE56-W12; objectType=VcdVapp}","DATAVA02\Tenant Portal","0ef6745b-5ab0-40c9-afd5-abfb4131f492","2020-01-14:01:0:::1578963856728-7f86d823-7294-4361-b70d-a0f261f4820d","VCD_VAPP_SNAPSHOT_804440f2-6ea0-4c6b-a07c-a84d8bb863a8:::374","Canceled",,"2020-01-14T01:04:16.716Z","True","0","2020-01-13T01:04:40.543Z","System.Object[]",,"2020-01-14T01:04:16.728Z"
"Backup","@{objectId=VcdVapp:::4910a595-b01c-4848-9314-03aaedb07827; objectName=T1-MSSQL-VAPP1; objectType=VcdVapp}","DATAVA02\Tenant Portal","c75cc3f2-c4a4-41f2-9e91-0b2db35c8711","2020-01-14:01:0:::1578963634295-35dd2444-db66-45c7-99e6-63ebdc1c4ab4","VCD_VAPP_SNAPSHOT_4910a595-b01c-4848-9314-03aaedb07827:::357","Canceled",,"2020-01-14T01:00:34.279Z","True","0","2020-01-13T01:24:55.495Z","System.Object[]","False","2020-01-14T01:00:34.295Z"
"Backup","@{objectId=VirtualMachine:::bbee8e36-0deb-4402-a1a0-8426f5643a12-vm-188449; objectName=OtherClusterDisk (f50a1aab-0f8b-45b1-bf95-4bf3ba3c1528); objectType=VmwareVm}","ny2p1-p-vctr01.redicloud.local","6e7ee174-4116-496b-9d95-edf20cb24994","2020-01-14:01:0:::1578963619685-d4437e4d-bbfb-4bcf-bc36-be8650d3ae11","CREATE_VMWARE_SNAPSHOT_bbee8e36-0deb-4402-a1a0-8426f5643a12-vm-188449:::68","Canceled",,"2020-01-14T01:00:19.676Z","True","0","2020-01-13T01:00:14.889Z","System.Object[]","True","2020-01-14T01:00:19.685Z"
"Backup","@{objectId=VirtualMachine:::bbee8e36-0deb-4402-a1a0-8426f5643a12-vm-65402; objectName=CWPWPPT1 (3ac25ac1-0678-47f8-a3a0-31fbe1c3632f); objectType=VmwareVm}","ny2p1-p-vctr01.redicloud.local","2030b88f-5dae-472a-84f7-215b27295463","2020-01-14:01:0:::1578963618983-29b2818a-81f8-45d2-82f6-8602455f388f","CREATE_VMWARE_SNAPSHOT_bbee8e36-0deb-4402-a1a0-8426f5643a12-vm-65402:::120","Canceled",,"2020-01-14T01:00:18.977Z","True","0","2020-01-14T01:22:26.718Z","System.Object[]","False","2020-01-14T01:00:18.983Z"
"Backup","@{objectId=VirtualMachine:::bbee8e36-0deb-4402-a1a0-8426f5643a12-vm-68305; objectName=BSD12WS12R2AON2; objectType=VmwareVm}","ny2p1-p-vctr01.redicloud.local","1da914d0-ea71-4b2d-a089-73a1f2118e35","2020-01-14:01:0:::1578963977604-39761975-2021-444e-baf4-4f3bf5477763","CREATE_VMWARE_SNAPSHOT_bbee8e36-0deb-4402-a1a0-8426f5643a12-vm-68305:::481","Canceled",,"2020-01-14T01:06:17.596Z","True","0","2020-01-13T01:15:02.793Z","System.Object[]",,"2020-01-14T01:06:17.604Z"
"Backup","@{objectId=VirtualMachine:::bbee8e36-0deb-4402-a1a0-8426f5643a12-vm-73743; objectName=B-SSD12-WS12R2; objectType=VmwareVm}","ny2p1-p-vctr01.redicloud.local","60619e41-1ea0-4648-96c1-65ddebb4a5c4","2020-01-14:01:0:::1578963618729-b2e190dd-361d-4b9a-b0cb-b53403613ea9","CREATE_VMWARE_SNAPSHOT_bbee8e36-0deb-4402-a1a0-8426f5643a12-vm-73743:::454","Canceled",,"2020-01-14T01:00:18.722Z","True","0","2020-01-13T01:02:17.285Z","System.Object[]",,"2020-01-14T01:00:18.729Z"
"Backup","@{objectId=VcdVapp:::b23f4a7f-d0fe-41f8-a667-986e56c014a9; objectName=D-WSFC-VAPP1; objectType=VcdVapp}","DATAVA02\Tenant Portal","0a541305-cedb-4b53-9256-a33fb0962918","2020-01-14:01:0:::1578963989219-ae9026f7-1c80-4d4c-a26e-ca6fbf353fa3","VCD_VAPP_SNAPSHOT_b23f4a7f-d0fe-41f8-a667-986e56c014a9:::372","Canceled",,"2020-01-14T01:06:29.211Z","True","0","2020-01-13T01:41:25.630Z","System.Object[]","False","2020-01-14T01:06:29.219Z"
"Backup","@{objectId=VcdVapp:::bfeb583b-f70e-4524-af21-252075731c64; objectName=T1-MYSQL-VAPP1; objectType=VcdVapp}","DATAVA02\Tenant Portal","e3819b0a-98ea-4212-b43b-20f7ed6a5e28","2020-01-14:01:0:::1578964017619-a0c00cb6-dd8a-4cca-a582-85b4bc07a8e1","VCD_VAPP_SNAPSHOT_bfeb583b-f70e-4524-af21-252075731c64:::376","Canceled",,"2020-01-14T01:06:57.611Z","True","0","2020-01-13T01:16:43.119Z","System.Object[]",,"2020-01-14T01:06:57.619Z"
"Backup","@{objectId=VirtualMachine:::bbee8e36-0deb-4402-a1a0-8426f5643a12-vm-27636; objectName=CWPWPrint1 (93d0c918-d5a9-435d-93d2-93102fc4a1db); objectType=VmwareVm}","ny2p1-p-vctr01.redicloud.local","5597c91f-9602-4605-8f51-11b5cc9e7e49","2020-01-14:01:0:::1578963612652-c30ee800-a72f-4780-b765-3767fcd314d1","CREATE_VMWARE_SNAPSHOT_bbee8e36-0deb-4402-a1a0-8426f5643a12-vm-27636:::409","Canceled",,"2020-01-14T01:00:12.644Z","True","0","2020-01-14T01:19:30.880Z","System.Object[]","False","2020-01-14T01:00:12.652Z"
"Backup","@{objectId=VirtualMachine:::bbee8e36-0deb-4402-a1a0-8426f5643a12-vm-192296; objectName=BCHPDC03-5Y5k; objectType=VmwareVm}","ny2p1-p-vctr01.redicloud.local","edf05083-0d8c-4caa-abf4-df6a9a6ef2f7","2020-01-14:01:0:::1578963618848-f3399696-23d2-446a-83de-c89fe5f9475e","CREATE_VMWARE_SNAPSHOT_bbee8e36-0deb-4402-a1a0-8426f5643a12-vm-192296:::1","Canceled",,"2020-01-14T01:00:18.841Z","True","0","2020-01-14T01:29:44.560Z","System.Object[]","False","2020-01-14T01:00:18.848Z"
"Backup","@{objectId=VcdVapp:::5652231d-95c9-411e-bf06-d5441522fc76; objectName=D1WS16-SD17-bcd12463-f458-4c62-b890-c81f753766cb; objectType=VcdVapp}","DATAVA02\Tenant Portal","466a43c8-850a-428d-914b-3463eb97f8a1","2020-01-14:01:0:::1578963619694-9c2b61cf-8b33-447a-a18f-14296142d191","VCD_VAPP_SNAPSHOT_5652231d-95c9-411e-bf06-d5441522fc76:::374","Canceled",,"2020-01-14T01:00:19.673Z","True","0","2020-01-13T01:12:18.977Z","System.Object[]","True","2020-01-14T01:00:19.694Z"
"Backup","@{objectId=VcdVapp:::d1e54089-2f59-4309-b4cd-92454b8f5cd9; objectName=S-ISCSI-W01-VM1; objectType=VcdVapp}","DATAVA02\Tenant Portal","9534c638-07ed-4079-a6b7-24aedbe4c8ff","2020-01-14:01:0:::1578964100794-d30db63a-2ae9-4401-844a-40f20777b57c","VCD_VAPP_SNAPSHOT_d1e54089-2f59-4309-b4cd-92454b8f5cd9:::82","Canceled",,"2020-01-14T01:08:20.785Z","True","0","2020-01-13T01:23:14.293Z","System.Object[]","True","2020-01-14T01:08:20.794Z"
"Backup","@{objectId=VcdVapp:::70d9df90-298b-4f75-83ef-c19f5587d896; objectName=vApp_subba.thota@datavail.com_1; objectType=VcdVapp}","DATAVA02\Tenant Portal","73a2dd46-a177-4a22-be89-0514f178dc5a","2020-01-14:01:0:::1578963612659-3f24a1e5-c6be-42e3-9eeb-1d858d3c1f89","VCD_VAPP_SNAPSHOT_70d9df90-298b-4f75-83ef-c19f5587d896:::333","Canceled",,"2020-01-14T01:00:12.650Z","True","0","2020-01-13T01:05:37.965Z","System.Object[]",,"2020-01-14T01:00:12.659Z"
"Backup","@{objectId=VcdVapp:::7982ff6c-bd82-4a11-9024-1f7670bb9e1b; objectName=T5-MSSQL-VAPP1; objectType=VcdVapp}","DATAVA02\Tenant Portal","0b800f90-3724-45af-bfa8-d34c245d9fe3","2020-01-14:01:0:::1578963634174-a5a2ecd4-14a2-4ff9-a0b0-5bad8c73ed45","VCD_VAPP_SNAPSHOT_7982ff6c-bd82-4a11-9024-1f7670bb9e1b:::354","Canceled",,"2020-01-14T01:00:34.165Z","True","0","2020-01-13T01:12:39.017Z","System.Object[]","False","2020-01-14T01:00:34.174Z"
"Backup","@{objectId=VirtualMachine:::bbee8e36-0deb-4402-a1a0-8426f5643a12-vm-79043; objectName=BSE14WS12R2-tYjE; objectType=VmwareVm}","ny2p1-p-vctr01.redicloud.local","23954dea-f926-449e-9c6d-fde24bd85112","2020-01-14:01:0:::1578963615661-d4c095f7-b37a-4825-b41e-0eb23e4c726c","CREATE_VMWARE_SNAPSHOT_bbee8e36-0deb-4402-a1a0-8426f5643a12-vm-79043:::430","Canceled",,"2020-01-14T01:00:15.655Z","True","0","2020-01-13T01:03:34.350Z","System.Object[]",,"2020-01-14T01:00:15.661Z"
"Backup","@{objectId=VcdVapp:::f20f1ed8-9012-4126-8c61-95064b517ec5; objectName=T3-SHAREPOINT-VAPP1; objectType=VcdVapp}","DATAVA02\Tenant Portal","36ba3890-8fbb-41d1-99af-bbe48c06a180","2020-01-14:01:0:::1578964172471-4f13b7a4-f823-47f5-98a5-1e21c5ea5fb4","VCD_VAPP_SNAPSHOT_f20f1ed8-9012-4126-8c61-95064b517ec5:::374","Canceled",,"2020-01-14T01:09:32.463Z","True","0","2020-01-13T01:24:24.921Z","System.Object[]",,"2020-01-14T01:09:32.471Z"
"Backup","@{objectId=VirtualMachine:::bbee8e36-0deb-4402-a1a0-8426f5643a12-vm-76986; objectName=D-FC-WS16-VM2-7eUW; objectType=VmwareVm}","ny2p1-p-vctr01.redicloud.local","ed5ae313-0cc8-4c77-bcf9-5ac15aa8765a","2020-01-14:01:0:::1578963839346-89a795c3-8731-4cf6-9c76-4abfafd47281","CREATE_VMWARE_SNAPSHOT_bbee8e36-0deb-4402-a1a0-8426f5643a12-vm-76986:::440","Canceled",,"2020-01-14T01:03:59.339Z","True","0","2020-01-13T01:02:20.429Z","System.Object[]","True","2020-01-14T01:03:59.346Z"
"Backup","@{objectId=VcdVapp:::c54f59ba-ad7a-4c0a-9fd8-d22c028e5783; objectName=DSD17WS16-03-c31f72bf-221a-4cea-b22b-8a7c56e924d9; objectType=VcdVapp}","DATAVA02\Tenant Portal","eab99e8d-2a28-4352-9fec-882750a82cf5","2020-01-14:01:0:::1578963860459-aee533bf-1136-4aab-bc07-b4e9066aead5","VCD_VAPP_SNAPSHOT_c54f59ba-ad7a-4c0a-9fd8-d22c028e5783:::213","Canceled",,"2020-01-14T01:04:20.450Z","True","0","2020-01-13T01:29:16.361Z","System.Object[]","True","2020-01-14T01:04:20.459Z"
"Backup","@{objectId=VirtualMachine:::bbee8e36-0deb-4402-a1a0-8426f5643a12-vm-78803; objectName=BSD8R2WS8R2-RwBr; objectType=VmwareVm}","ny2p1-p-vctr01.redicloud.local","49296dde-d695-45cd-9ae8-c1b07bba1dce","2020-01-14:01:0:::1578963618842-38096b5d-feaa-4c23-9f8e-b3d0483b02ce","CREATE_VMWARE_SNAPSHOT_bbee8e36-0deb-4402-a1a0-8426f5643a12-vm-78803:::431","Canceled",,"2020-01-14T01:00:18.836Z","True","0","2020-01-13T01:02:05.953Z","System.Object[]",,"2020-01-14T01:00:18.842Z"
"Backup","@{objectId=VirtualMachine:::bbee8e36-0deb-4402-a1a0-8426f5643a12-vm-60382; objectName=B-SP16-WS16 (a23753ac-7982-4daa-a582-f6b56462e710); objectType=VmwareVm}","ny2p1-p-vctr01.redicloud.local","31a37997-5ca9-42d6-bed6-60afef1058ef","2020-01-14:01:0:::1578963618506-22a851d3-6d86-4f0e-841c-dc80c0854fba","CREATE_VMWARE_SNAPSHOT_bbee8e36-0deb-4402-a1a0-8426f5643a12-vm-60382:::527","Canceled",,"2020-01-14T01:00:18.499Z","True","0","2020-01-13T01:11:23.017Z","System.Object[]",,"2020-01-14T01:00:18.506Z"
"Backup","@{objectId=VirtualMachine:::bbee8e36-0deb-4402-a1a0-8426f5643a12-vm-65810; objectName=B-MyC57-Cen7 (4d5bc3d8-0d23-4b11-8a1b-de9621f790a2); objectType=VmwareVm}","ny2p1-p-vctr01.redicloud.local","37dfb143-60d5-4920-a8f5-566419e1dfef","2020-01-14:01:0:::1578963615663-84329523-d430-431b-a98d-16672bee4a68","CREATE_VMWARE_SNAPSHOT_bbee8e36-0deb-4402-a1a0-8426f5643a12-vm-65810:::495","Canceled",,"2020-01-14T01:00:15.655Z","True","0","2020-01-13T01:01:40.844Z","System.Object[]",,"2020-01-14T01:00:15.663Z"
"Backup","@{objectId=VirtualMachine:::bbee8e36-0deb-4402-a1a0-8426f5643a12-vm-28200; objectName=CWPWPSQL (0205a27b-d0bc-4d81-b282-81bfe05dec17); objectType=VmwareVm}","ny2p1-p-vctr01.redicloud.local","3505f01b-aa5d-4810-b84a-3a339503365f","2020-01-14:01:0:::1578963616087-78b02d01-0bc6-411c-865f-8d18b11a2030","CREATE_VMWARE_SNAPSHOT_bbee8e36-0deb-4402-a1a0-8426f5643a12-vm-28200:::414","Canceled",,"2020-01-14T01:00:16.075Z","True","0","2020-01-14T01:11:36.911Z","System.Object[]","False","2020-01-14T01:00:16.087Z"
"Backup","@{objectId=VirtualMachine:::bbee8e36-0deb-4402-a1a0-8426f5643a12-vm-27905; objectName=DataShare2 (eddf69d0-9bac-41fb-bfbc-a29020bb14c9); objectType=VmwareVm}","ny2p1-p-vctr01.redicloud.local","efd0991e-0cad-45bf-96cb-e35c865149b8","2020-01-14:01:0:::1578963618506-fc865e3b-2c6c-4745-b90b-8b13f6d95d86","CREATE_VMWARE_SNAPSHOT_bbee8e36-0deb-4402-a1a0-8426f5643a12-vm-27905:::420","Canceled",,"2020-01-14T01:00:18.498Z","True","0","2020-01-14T01:18:22.812Z","System.Object[]","False","2020-01-14T01:00:18.506Z"
"Backup","@{objectId=VirtualMachine:::bbee8e36-0deb-4402-a1a0-8426f5643a12-vm-182591; objectName=BCHPWDS01-MF2G; objectType=VmwareVm}","ny2p1-p-vctr01.redicloud.local","9d079657-cca7-4985-89e4-90755d6288ad","2020-01-14:01:0:::1578963615873-01815b9c-4940-4562-b51d-825af83af1b1","CREATE_VMWARE_SNAPSHOT_bbee8e36-0deb-4402-a1a0-8426f5643a12-vm-182591:::1","Canceled",,"2020-01-14T01:00:15.858Z","True","0","2020-01-14T01:23:14.049Z","System.Object[]","False","2020-01-14T01:00:15.873Z"
"Backup","@{objectId=VcdVapp:::a1f54a33-6949-4d7c-ad56-ce00fe4ad965; objectName=T4-MSSQL-VAPP1; objectType=VcdVapp}","DATAVA02\Tenant Portal","50c95bc5-7939-4ac8-9941-98844c2ecb83","2020-01-14:01:0:::1578963939864-d904255d-17a0-4978-9af3-356335044b09","VCD_VAPP_SNAPSHOT_a1f54a33-6949-4d7c-ad56-ce00fe4ad965:::353","Canceled",,"2020-01-14T01:05:39.855Z","True","0","2020-01-13T01:27:27.701Z","System.Object[]","True","2020-01-14T01:05:39.864Z"
"Backup","@{objectId=VirtualMachine:::bbee8e36-0deb-4402-a1a0-8426f5643a12-vm-200192; objectName=BCHPPRT01-6LYo; objectType=VmwareVm}","ny2p1-p-vctr01.redicloud.local","311c25a1-4a0c-4955-a2cb-cef34db99b85","2020-01-14:01:0:::1578963630384-5511349a-b069-40f4-8579-5952bde0ebe0","CREATE_VMWARE_SNAPSHOT_bbee8e36-0deb-4402-a1a0-8426f5643a12-vm-200192:::1","Canceled",,"2020-01-14T01:00:30.378Z","True","0","2020-01-14T01:12:02.641Z","System.Object[]","False","2020-01-14T01:00:30.384Z"
"Backup","@{objectId=VcdVapp:::8ed704fe-28e7-460d-9991-3a71337f1009; objectName=ACLSRHEL6 -2d1649af-8aae-4c80-bb78-417dd4ae22d6; objectType=VcdVapp}","DATAVA02\Tenant Portal","992b40ed-3c7a-428a-91aa-1bca441c7360","2020-01-14:01:0:::1578963862814-ff528aa1-6d76-4502-8627-cb0ab0ef8ac7","VCD_VAPP_SNAPSHOT_8ed704fe-28e7-460d-9991-3a71337f1009:::49","Canceled",,"2020-01-14T01:04:22.806Z","True","0","2020-01-13T01:25:19.582Z","System.Object[]","False","2020-01-14T01:04:22.814Z"
"Backup","@{objectId=VcdVapp:::9dcd09d6-725f-4b27-92df-47eac331af5a; objectName=BSD14WS12R2-VAPP; objectType=VcdVapp}","DATAVA02\Tenant Portal","9d38f76d-45fb-403f-b4aa-7ee48315ab74","2020-01-14:01:0:::1578963924995-ec97fccb-a4c7-4502-89f1-a1280dda07db","VCD_VAPP_SNAPSHOT_9dcd09d6-725f-4b27-92df-47eac331af5a:::374","Canceled",,"2020-01-14T01:05:24.986Z","True","0","2020-01-13T01:12:41.140Z","System.Object[]",,"2020-01-14T01:05:24.995Z"
"Backup","@{objectId=VirtualMachine:::bbee8e36-0deb-4402-a1a0-8426f5643a12-vm-28313; objectName=ESC (fde95d8b-10f7-47db-9262-da296f8401cf); objectType=VmwareVm}","ny2p1-p-vctr01.redicloud.local","ed27ffaf-ea9f-4fe6-b818-eb396bc5c7bb","2020-01-14:01:0:::1578963615790-32871560-2a0d-439e-929e-7ee0bd9da824","CREATE_VMWARE_SNAPSHOT_bbee8e36-0deb-4402-a1a0-8426f5643a12-vm-28313:::402","Canceled",,"2020-01-14T01:00:15.783Z","True","0","2020-01-14T01:22:04.919Z","System.Object[]","False","2020-01-14T01:00:15.790Z"
"Backup","@{objectId=VcdVapp:::b2184a90-e6e9-44a8-a4e7-2aa657472fdf; objectName=D-SD14WS12-D1; objectType=VcdVapp}","DATAVA02\Tenant Portal","dea59577-de7c-4bc3-9190-acc23ee4722a","2020-01-14:01:0:::1578963622892-342791a2-7cf8-453e-b857-118d917eaf8d","VCD_VAPP_SNAPSHOT_b2184a90-e6e9-44a8-a4e7-2aa657472fdf:::261","Canceled",,"2020-01-14T01:00:22.884Z","True","0","2020-01-13T01:13:43.762Z","System.Object[]","True","2020-01-14T01:00:22.892Z"
"Backup","@{objectId=VcdVapp:::a6289a9d-8a09-4268-9d81-35ee22da501c; objectName=openfiler server; objectType=VcdVapp}","DATAVA02\Tenant Portal","47d27e72-ba79-43a0-8954-9b674f300dad","2020-01-14:01:0:::1578963862815-d83a5547-988f-4ee3-b0a1-c2dae4194755","VCD_VAPP_SNAPSHOT_a6289a9d-8a09-4268-9d81-35ee22da501c:::80","Canceled",,"2020-01-14T01:04:22.806Z","True","0","2020-01-13T01:19:18.721Z","System.Object[]","False","2020-01-14T01:04:22.815Z"
"Backup","@{objectId=VirtualMachine:::bbee8e36-0deb-4402-a1a0-8426f5643a12-vm-192298; objectName=BCHPDC04-gGjZ; objectType=VmwareVm}","ny2p1-p-vctr01.redicloud.local","c7f8eccf-c481-4ae3-b3cd-733314ea4b77","2020-01-14:01:0:::1578963618508-e819582e-460c-4841-b01a-01102d16a709","CREATE_VMWARE_SNAPSHOT_bbee8e36-0deb-4402-a1a0-8426f5643a12-vm-192298:::1","Canceled",,"2020-01-14T01:00:18.499Z","True","0","2020-01-14T01:17:43.467Z","System.Object[]","False","2020-01-14T01:00:18.508Z"
"Backup","@{objectId=VcdVapp:::79afc19d-3a6c-475e-9e51-9a3de09c0251; objectName=ACC-ManagedCloud; objectType=VcdVapp}","DATAVA02\Tenant Portal","c65137f5-347b-4331-8237-841a88c0e04f","2020-01-14:01:0:::1578963634276-fbfa5702-7104-4be3-8f80-5f6407782fa3","VCD_VAPP_SNAPSHOT_79afc19d-3a6c-475e-9e51-9a3de09c0251:::84","Canceled",,"2020-01-14T01:00:34.268Z","True","0","2020-01-13T01:15:37.566Z","System.Object[]","True","2020-01-14T01:00:34.276Z"
"Backup","@{objectId=VirtualMachine:::bbee8e36-0deb-4402-a1a0-8426f5643a12-vm-23194; objectName=BCHPLMC01 (92b343ce-6da3-475e-9a0d-e8a8c5a62e69); objectType=VmwareVm}","ny2p1-p-vctr01.redicloud.local","940a921e-61e3-478f-b4e0-aa56276b2fd7","2020-01-14:01:0:::1578963612653-08432b15-9f58-4737-9847-3413eba0592c","CREATE_VMWARE_SNAPSHOT_bbee8e36-0deb-4402-a1a0-8426f5643a12-vm-23194:::458","Canceled",,"2020-01-14T01:00:12.645Z","True","0","2020-01-14T01:17:43.882Z","System.Object[]","False","2020-01-14T01:00:12.653Z"
"Backup","@{objectId=VirtualMachine:::bbee8e36-0deb-4402-a1a0-8426f5643a12-vm-154647; objectName=TOS11RHEL67-02-EBhj; objectType=VmwareVm}","ny2p1-p-vctr01.redicloud.local","97bdca9e-d50e-4388-bfab-0a7c269f5f54","2020-01-14:01:0:::1578963615664-9019d843-98e5-4e09-8b8c-3b93f422f23d","CREATE_VMWARE_SNAPSHOT_bbee8e36-0deb-4402-a1a0-8426f5643a12-vm-154647:::173","Canceled",,"2020-01-14T01:00:15.655Z","True","0","2020-01-13T01:13:25.578Z","System.Object[]",,"2020-01-14T01:00:15.664Z"
"Backup","@{objectId=VirtualMachine:::bbee8e36-0deb-4402-a1a0-8426f5643a12-vm-64156; objectName=B-SSE12-WS12R2; objectType=VmwareVm}","ny2p1-p-vctr01.redicloud.local","f94f22e1-a99b-47f3-9dde-89998f5119bb","2020-01-14:01:0:::1578963836714-65601d6b-2be1-4e0e-8af6-e47a82e6578e","CREATE_VMWARE_SNAPSHOT_bbee8e36-0deb-4402-a1a0-8426f5643a12-vm-64156:::503","Canceled",,"2020-01-14T01:03:56.708Z","True","0","2020-01-13T01:05:30.869Z","System.Object[]",,"2020-01-14T01:03:56.714Z"
"Backup","@{objectId=VirtualMachine:::bbee8e36-0deb-4402-a1a0-8426f5643a12-vm-68303; objectName=BSD12WS12R2AON1; objectType=VmwareVm}","ny2p1-p-vctr01.redicloud.local","2d488471-f26e-4fc6-97f5-4cd1ebffd87c","2020-01-14:01:0:::1578963983138-5dd84476-fcd9-4808-87bc-52b4bcb5c0bc","CREATE_VMWARE_SNAPSHOT_bbee8e36-0deb-4402-a1a0-8426f5643a12-vm-68303:::481","Canceled",,"2020-01-14T01:06:23.131Z","True","0","2020-01-13T01:09:35.450Z","System.Object[]",,"2020-01-14T01:06:23.138Z"
"Backup","@{objectId=VirtualMachine:::bbee8e36-0deb-4402-a1a0-8426f5643a12-vm-28753; objectName=CWPWTSGW (19698225-0cea-47b5-9360-f3e721cca521); objectType=VmwareVm}","ny2p1-p-vctr01.redicloud.local","2c6757e0-94ba-4461-8e16-cadfa810c174","2020-01-14:01:0:::1578963836711-f28a02bd-8ed7-47d8-a5f5-9280999a51c1","CREATE_VMWARE_SNAPSHOT_bbee8e36-0deb-4402-a1a0-8426f5643a12-vm-28753:::405","Canceled",,"2020-01-14T01:03:56.705Z","True","0","2020-01-14T01:13:32.681Z","System.Object[]","False","2020-01-14T01:03:56.711Z"
"Backup","@{objectId=VcdVapp:::849508a6-2e08-44dc-a681-27ddd222160d; objectName=T-WSFC-VAPP1; objectType=VcdVapp}","DATAVA02\Tenant Portal","570f2efd-a13b-4cc2-9ece-06c6f1ee7f19","2020-01-14:01:0:::1578963752507-78661c39-6031-4412-b975-78f0684f7208","VCD_VAPP_SNAPSHOT_849508a6-2e08-44dc-a681-27ddd222160d:::375","Canceled",,"2020-01-14T01:02:32.499Z","True","0","2020-01-13T01:11:23.865Z","System.Object[]","True","2020-01-14T01:02:32.507Z"
"Backup","@{objectId=VirtualMachine:::bbee8e36-0deb-4402-a1a0-8426f5643a12-vm-80021; objectName=TOS122WD16-01-575A; objectType=VmwareVm}","ny2p1-p-vctr01.redicloud.local","c40ad786-d6b3-4578-87c5-1ddee7b8f730","2020-01-14:01:0:::1578963973225-29076be3-8b09-4612-8ce6-9b7f29d6ae50","CREATE_VMWARE_SNAPSHOT_bbee8e36-0deb-4402-a1a0-8426f5643a12-vm-80021:::426","Canceled",,"2020-01-14T01:06:13.217Z","True","0","2020-01-13T01:17:51.380Z","System.Object[]","True","2020-01-14T01:06:13.225Z"
"Backup","@{objectId=VcdVapp:::e530bd60-16eb-4b0c-b6d7-9618f70032cd; objectName=B-SP16-WS16; objectType=VcdVapp}","DATAVA02\Tenant Portal","47f035c5-7290-457d-86d1-22269bbae9fd","2020-01-14:01:0:::1578964017616-a34ea48b-adae-4474-84a4-65d7ff221a9c","VCD_VAPP_SNAPSHOT_e530bd60-16eb-4b0c-b6d7-9618f70032cd:::374","Canceled",,"2020-01-14T01:06:57.609Z","True","0","2020-01-13T01:17:42.941Z","System.Object[]",,"2020-01-14T01:06:57.616Z"
"Backup","@{objectId=VcdVapp:::f07ad252-7c61-460a-be3d-aa5a5597f76e; objectName=T2-MSSQL-VAPP1; objectType=VcdVapp}","DATAVA02\Tenant Portal","1f1b3708-ee6c-497a-8818-fc1b641b2df5","2020-01-14:01:0:::1578963969530-7c54c807-db0e-4bdb-a57b-e9461f34a6f5","VCD_VAPP_SNAPSHOT_f07ad252-7c61-460a-be3d-aa5a5597f76e:::349","Canceled",,"2020-01-14T01:06:09.520Z","True","0","2020-01-13T01:40:08.681Z","System.Object[]","False","2020-01-14T01:06:09.530Z"
"Backup","@{objectId=VcdVapp:::4b014cb1-e260-48f7-90fa-3e4685a47a2a; objectName=D2WS16-SD17; objectType=VcdVapp}","DATAVA02\Tenant Portal","145ca7dd-23d8-43f5-ade7-b2b4b5d0139b","2020-01-14:01:0:::1578963626958-f913fa4a-3d9c-430c-9c90-db1c1ed79d1b","VCD_VAPP_SNAPSHOT_4b014cb1-e260-48f7-90fa-3e4685a47a2a:::361","Canceled",,"2020-01-14T01:00:26.950Z","True","0","2020-01-13T01:04:14.839Z","System.Object[]","False","2020-01-14T01:00:26.958Z"
"Backup","@{objectId=VirtualMachine:::bbee8e36-0deb-4402-a1a0-8426f5643a12-vm-28748; objectName=CWPWTS-27 (af653ad8-e00b-4cc1-82e0-16b63fb5cf99); objectType=VmwareVm}","ny2p1-p-vctr01.redicloud.local","cb35d97e-a905-4d6d-b00a-49aa5eb4e3fa","2020-01-14:01:0:::1578963618976-61a2d5df-b028-45b7-8cd7-edf5c6c7a4f1","CREATE_VMWARE_SNAPSHOT_bbee8e36-0deb-4402-a1a0-8426f5643a12-vm-28748:::399","Canceled",,"2020-01-14T01:00:18.970Z","True","0","2020-01-14T01:18:51.658Z","System.Object[]","False","2020-01-14T01:00:18.976Z"
"Backup","@{objectId=VirtualMachine:::bbee8e36-0deb-4402-a1a0-8426f5643a12-vm-27605; objectName=SGN (a8a4ee43-ee45-47ab-89ed-ec28633bce23); objectType=VmwareVm}","ny2p1-p-vctr01.redicloud.local","9205ac0e-438b-4c2d-986e-24c013201f37","2020-01-14:01:0:::1578963634289-e7e5c251-b378-4561-ab27-1fd343a484e1","CREATE_VMWARE_SNAPSHOT_bbee8e36-0deb-4402-a1a0-8426f5643a12-vm-27605:::415","Canceled",,"2020-01-14T01:00:34.283Z","True","0","2020-01-14T01:11:55.233Z","System.Object[]","False","2020-01-14T01:00:34.289Z"
"Backup","@{objectId=VcdVapp:::6eb6f2e1-5ef5-4229-97d0-e0a4bb838ae3; objectName=Accelatis-Build; objectType=VcdVapp}","DATAVA02\Tenant Portal","ed6f4c02-d050-44f1-a51f-0a7be71fca81","2020-01-14:01:0:::1578963800085-6bcc50b9-8529-43ce-992e-835174ca6cd1","VCD_VAPP_SNAPSHOT_6eb6f2e1-5ef5-4229-97d0-e0a4bb838ae3:::79","Canceled",,"2020-01-14T01:03:20.076Z","True","0","2020-01-13T01:07:21.772Z","System.Object[]","True","2020-01-14T01:03:20.085Z"
"Backup","@{objectId=VcdVapp:::32c6c664-9f07-4309-9f1b-c27b704de81b; objectName=B-OS122-RHE7; objectType=VcdVapp}","DATAVA02\Tenant Portal","73c4bfb8-1bc4-4dc1-b678-48d250e79ef2","2020-01-14:01:0:::1578963634174-7d9dba9b-7fa9-4568-aecf-4c4a8710a30e","VCD_VAPP_SNAPSHOT_32c6c664-9f07-4309-9f1b-c27b704de81b:::375","Canceled",,"2020-01-14T01:00:34.165Z","True","0","2020-01-13T01:00:15.843Z","System.Object[]",,"2020-01-14T01:00:34.174Z"
"Backup","@{objectId=VcdVapp:::ec177fe3-4227-48fe-95d3-2482ac0c6b31; objectName=B-MyC57-Cen7; objectType=VcdVapp}","DATAVA02\Tenant Portal","836634bb-21e3-4f53-b256-7e7ab2559d39","2020-01-14:01:0:::1578964141438-c7e1b7e1-8dbd-453f-a39f-a65fe2fd9bee","VCD_VAPP_SNAPSHOT_ec177fe3-4227-48fe-95d3-2482ac0c6b31:::374","Canceled",,"2020-01-14T01:09:01.430Z","True","0","2020-01-13T01:23:42.717Z","System.Object[]",,"2020-01-14T01:09:01.438Z"
"Backup","@{objectId=VcdVapp:::1db5a529-1c9b-4f14-bfe9-2e819c4b34e9; objectName=BOS11RHEL67-02; objectType=VcdVapp}","DATAVA02\Tenant Portal","abbd688e-ae1a-4f40-bca9-280f636f08ba","2020-01-14:01:0:::1578963617420-404fa606-3f94-446a-a68c-2fec95a755b2","VCD_VAPP_SNAPSHOT_1db5a529-1c9b-4f14-bfe9-2e819c4b34e9:::173","Canceled",,"2020-01-14T01:00:17.412Z","True","0","2020-01-13T01:00:13.598Z","System.Object[]",,"2020-01-14T01:00:17.420Z"
"Backup","@{objectId=VcdVapp:::d6f44896-ee24-44c0-bb16-6d366dee77c1; objectName=S-AD-VAPP1; objectType=VcdVapp}","DATAVA02\Tenant Portal","5c2d4528-e070-4b5c-8b62-38d789c02428","2020-01-14:01:0:::1578964111641-6f0d420e-99ef-4c61-be09-46bdf3a6dfb7","VCD_VAPP_SNAPSHOT_d6f44896-ee24-44c0-bb16-6d366dee77c1:::376","Canceled",,"2020-01-14T01:08:31.632Z","True","0","2020-01-13T01:16:16.633Z","System.Object[]","True","2020-01-14T01:08:31.641Z"
"Backup","@{objectId=VcdVapp:::5e316b48-94ab-4a8f-88f8-bf8027d7e282; objectName=BSD8R2WS8R2-VAPP; objectType=VcdVapp}","DATAVA02\Tenant Portal","a230781c-843a-4456-9931-812b4ec41623","2020-01-14:01:0:::1578963617421-4998f535-26a9-4433-bef8-8b5d0ae77777","VCD_VAPP_SNAPSHOT_5e316b48-94ab-4a8f-88f8-bf8027d7e282:::374","Canceled",,"2020-01-14T01:00:17.413Z","True","0","2020-01-13T01:00:16.331Z","System.Object[]",,"2020-01-14T01:00:17.421Z"
"Backup","@{objectId=VcdVapp:::95581951-3238-4bae-ae67-d65bd59a841c; objectName=BOS112WD12R2-01; objectType=VcdVapp}","DATAVA02\Tenant Portal","fa0f97d4-d493-48cf-8889-525f493d4d96","2020-01-14:01:0:::1578963805607-a0f7b2b2-8abb-479a-8025-501ac6be3601","VCD_VAPP_SNAPSHOT_95581951-3238-4bae-ae67-d65bd59a841c:::174","Canceled",,"2020-01-14T01:03:25.598Z","True","0","2020-01-13T01:06:08.252Z","System.Object[]",,"2020-01-14T01:03:25.607Z"
"Backup","@{objectId=VcdVapp:::458250ae-7164-4fe2-bcef-882abd4000c4; objectName=T4-SHAREPOINT-VAPP1; objectType=VcdVapp}","DATAVA02\Tenant Portal","f1f32b39-f316-4c08-8ee0-67d561966e3d","2020-01-14:01:0:::1578963612655-913a0952-e05f-43e5-84b4-c2644d6a51c7","VCD_VAPP_SNAPSHOT_458250ae-7164-4fe2-bcef-882abd4000c4:::375","Canceled",,"2020-01-14T01:00:12.644Z","True","0","2020-01-13T01:00:17.432Z","System.Object[]",,"2020-01-14T01:00:12.655Z"
"Backup","@{objectId=VirtualMachine:::bbee8e36-0deb-4402-a1a0-8426f5643a12-vm-106359; objectName=Oracle Linux Test 7.6-FEyt; objectType=VmwareVm}","ny2p1-p-vctr01.redicloud.local","12afe195-b1ff-4e6b-a80e-bd3861c6af80","2020-01-14:01:0:::1578963840032-735fc5a7-b269-4401-a10d-17492c157538","CREATE_VMWARE_SNAPSHOT_bbee8e36-0deb-4402-a1a0-8426f5643a12-vm-106359:::331","Canceled",,"2020-01-14T01:04:00.021Z","True","0","2020-01-13T01:08:28.423Z","System.Object[]","True","2020-01-14T01:04:00.032Z"
"Backup","@{objectId=VirtualMachine:::bbee8e36-0deb-4402-a1a0-8426f5643a12-vm-182593; objectName=BCHPAAD01-PxPz; objectType=VmwareVm}","ny2p1-p-vctr01.redicloud.local","27388681-ca87-458d-b5a6-f40e80061204","2020-01-14:01:0:::1578963612652-7049e4f4-71ca-4f7d-a699-7f79b7ae1566","CREATE_VMWARE_SNAPSHOT_bbee8e36-0deb-4402-a1a0-8426f5643a12-vm-182593:::1","Canceled",,"2020-01-14T01:00:12.645Z","True","0","2020-01-14T01:19:04.932Z","System.Object[]","False","2020-01-14T01:00:12.652Z"
"Backup","@{objectId=VcdVapp:::91c4d028-e8e7-4f22-aebc-5495480bf3e3; objectName=T3SSD12-WS12R2-c2a10b75-c40e-417c-be2a-2d29fa7b3cad; objectType=VcdVapp}","DATAVA02\Tenant Portal","8d53d411-cfcc-469d-9a36-3d7b17c11222","2020-01-14:01:0:::1578963840032-66a3c105-cbe9-438e-a988-9b5e7b99f59b","VCD_VAPP_SNAPSHOT_91c4d028-e8e7-4f22-aebc-5495480bf3e3:::375","Canceled",,"2020-01-14T01:04:00.015Z","True","0","2020-01-13T01:14:14.308Z","System.Object[]","True","2020-01-14T01:04:00.032Z"
"Backup","@{objectId=VcdVapp:::b6e88376-3794-417e-b496-06e54ebc9ff5; objectName=T1-ORCL-VAPP1; objectType=VcdVapp}","DATAVA02\Tenant Portal","d6717397-24a3-4372-b396-f3702812c76c","2020-01-14:01:0:::1578964017617-e4545aba-ebb2-47fe-83ac-73eb6da452d3","VCD_VAPP_SNAPSHOT_b6e88376-3794-417e-b496-06e54ebc9ff5:::374","Canceled",,"2020-01-14T01:06:57.609Z","True","0","2020-01-13T01:16:40.857Z","System.Object[]",,"2020-01-14T01:06:57.617Z"
"Backup","@{objectId=VirtualMachine:::bbee8e36-0deb-4402-a1a0-8426f5643a12-vm-79040; objectName=BSD14WS12R2-4pgR; objectType=VmwareVm}","ny2p1-p-vctr01.redicloud.local","9ce28dd6-f97c-4827-a003-187234852db4","2020-01-14:01:0:::1578963971837-f106c36a-f7dd-4674-aee0-7ff6067f7636","CREATE_VMWARE_SNAPSHOT_bbee8e36-0deb-4402-a1a0-8426f5643a12-vm-79040:::430","Canceled",,"2020-01-14T01:06:11.826Z","True","0","2020-01-13T01:06:53.134Z","System.Object[]",,"2020-01-14T01:06:11.837Z"
"Backup","@{objectId=VirtualMachine:::bbee8e36-0deb-4402-a1a0-8426f5643a12-vm-79510; objectName=BSD8R2WS8R2-pkG1; objectType=VmwareVm}","ny2p1-p-vctr01.redicloud.local","1a1956ed-2427-4274-bb65-82fa2e2d97c2","2020-01-14:01:0:::1578963973230-284948be-8da2-4d3e-a4be-174b685f8fc9","CREATE_VMWARE_SNAPSHOT_bbee8e36-0deb-4402-a1a0-8426f5643a12-vm-79510:::429","Canceled",,"2020-01-14T01:06:13.221Z","True","0","2020-01-13T01:12:42.573Z","System.Object[]",,"2020-01-14T01:06:13.230Z"
"Backup","@{objectId=VirtualMachine:::bbee8e36-0deb-4402-a1a0-8426f5643a12-vm-76985; objectName=D-FC-WS16-VM1-dIlL; objectType=VmwareVm}","ny2p1-p-vctr01.redicloud.local","66f54e0a-4232-48bf-8ed3-6f2083132c9f","2020-01-14:01:0:::1578963831658-58a9bef7-d0cc-4f01-a586-de1d77dc1303","CREATE_VMWARE_SNAPSHOT_bbee8e36-0deb-4402-a1a0-8426f5643a12-vm-76985:::440","Canceled",,"2020-01-14T01:03:51.651Z","True","0","2020-01-13T01:02:28.465Z","System.Object[]","True","2020-01-14T01:03:51.658Z"
"Backup","@{objectId=VcdVapp:::fc1bb8ba-2259-471b-a24e-f7a90a563542; objectName=T3-MSSQL-VAPP1; objectType=VcdVapp}","DATAVA02\Tenant Portal","4c8d42a2-57cd-4162-a1aa-d9fb6d53deb1","2020-01-14:01:0:::1578964017729-b6366332-9116-4ca3-bf65-8e6f5e4fb67f","VCD_VAPP_SNAPSHOT_fc1bb8ba-2259-471b-a24e-f7a90a563542:::352","Canceled",,"2020-01-14T01:06:57.721Z","True","0","2020-01-13T01:37:28.340Z","System.Object[]","True","2020-01-14T01:06:57.729Z"
"Backup","@{objectId=VcdVapp:::871a7c9a-8230-4be2-8df5-c3f35c9aef3a; objectName=T5-SHAREPOINT-VAPP1; objectType=VcdVapp}","DATAVA02\Tenant Portal","9d4ccfa9-0351-4a71-a95d-9093a7aabdf8","2020-01-14:01:0:::1578963630384-cb01b67c-d9b6-4858-94be-cec662fa64f0","VCD_VAPP_SNAPSHOT_871a7c9a-8230-4be2-8df5-c3f35c9aef3a:::374","Canceled",,"2020-01-14T01:00:30.375Z","True","0","2020-01-13T01:03:37.495Z","System.Object[]",,"2020-01-14T01:00:30.384Z"
"Backup","@{objectId=VirtualMachine:::bbee8e36-0deb-4402-a1a0-8426f5643a12-vm-79766; objectName=TOS112WD12R2-01-GBvF; objectType=VmwareVm}","ny2p1-p-vctr01.redicloud.local","44dabb40-2183-4c86-b446-4039a361d49f","2020-01-14:01:0:::1578963619691-9789cffe-c711-4291-a205-7e5b15d92b70","CREATE_VMWARE_SNAPSHOT_bbee8e36-0deb-4402-a1a0-8426f5643a12-vm-79766:::427","Canceled",,"2020-01-14T01:00:19.679Z","True","0","2020-01-13T01:17:53.499Z","System.Object[]","True","2020-01-14T01:00:19.691Z"
"Backup","@{objectId=VirtualMachine:::bbee8e36-0deb-4402-a1a0-8426f5643a12-vm-28629; objectName=CWPWRosetta (4dc14a01-5f0c-46e6-85e0-a3ff8e98e69f); objectType=VmwareVm}","ny2p1-p-vctr01.redicloud.local","bf192be7-bb18-4ea3-bfba-304b9149d7d2","2020-01-14:01:0:::1578963618852-4ab7d375-b516-48bf-93ef-cd81f726594f","CREATE_VMWARE_SNAPSHOT_bbee8e36-0deb-4402-a1a0-8426f5643a12-vm-28629:::401","Canceled",,"2020-01-14T01:00:18.845Z","True","0","2020-01-14T01:21:47.680Z","System.Object[]","False","2020-01-14T01:00:18.852Z"
"Backup","@{objectId=VirtualMachine:::bbee8e36-0deb-4402-a1a0-8426f5643a12-vm-27249; objectName=SSO (de44af5d-1158-4bed-85ad-b2ca0af03388); objectType=VmwareVm}","ny2p1-p-vctr01.redicloud.local","91455720-34e0-4d41-817f-6da4a7c03628","2020-01-14:01:0:::1578963618817-d113e7a4-e3f1-4e3b-992b-d7ebf461f5ed","CREATE_VMWARE_SNAPSHOT_bbee8e36-0deb-4402-a1a0-8426f5643a12-vm-27249:::425","Canceled",,"2020-01-14T01:00:18.810Z","True","0","2020-01-14T01:22:38.502Z","System.Object[]","False","2020-01-14T01:00:18.817Z"
"Backup","@{objectId=VirtualMachine:::bbee8e36-0deb-4402-a1a0-8426f5643a12-vm-28486; objectName=SupportAdmin1 (606a7a6c-0b6e-4abb-a4e1-5b6448adbd2d); objectType=VmwareVm}","ny2p1-p-vctr01.redicloud.local","3f2b9188-dc6d-4e91-9dad-29ca8c9f9678","2020-01-14:01:0:::1578963615800-54efd25f-dfcf-4175-aaf4-ebc1a9cdb9de","CREATE_VMWARE_SNAPSHOT_bbee8e36-0deb-4402-a1a0-8426f5643a12-vm-28486:::396","Canceled",,"2020-01-14T01:00:15.793Z","True","0","2020-01-14T01:28:09.384Z","System.Object[]","False","2020-01-14T01:00:15.800Z"
"Backup","@{objectId=VirtualMachine:::bbee8e36-0deb-4402-a1a0-8426f5643a12-vm-28749; objectName=CWPWTS-26 (1f591cf1-c04a-43c8-af83-f5aab463e9d1); objectType=VmwareVm}","ny2p1-p-vctr01.redicloud.local","2a074cd7-f09d-4bf3-a640-34902e42bf60","2020-01-14:01:0:::1578963619837-82dfdeb5-b07e-485c-8c31-29f022e6f051","CREATE_VMWARE_SNAPSHOT_bbee8e36-0deb-4402-a1a0-8426f5643a12-vm-28749:::397","Canceled",,"2020-01-14T01:00:19.830Z","True","0","2020-01-14T01:19:15.576Z","System.Object[]","False","2020-01-14T01:00:19.837Z"
"Backup","@{objectId=VcdVapp:::b9082cd0-2ebc-47e7-baa9-69814424ec6d; objectName=D1WS12R2-SE12-072a8519-1dd4-41c2-b668-bc24f187888b; objectType=VcdVapp}","DATAVA02\Tenant Portal","07bebdaa-7208-48be-bcf9-276d1acc2617","2020-01-14:01:0:::1578963942001-3fb10f91-2753-4abc-93a6-31d2a3417a47","VCD_VAPP_SNAPSHOT_b9082cd0-2ebc-47e7-baa9-69814424ec6d:::375","Canceled",,"2020-01-14T01:05:41.991Z","True","0","2020-01-13T01:18:10.546Z","System.Object[]","True","2020-01-14T01:05:42.001Z"
"Backup","@{objectId=VirtualMachine:::bbee8e36-0deb-4402-a1a0-8426f5643a12-vm-79044; objectName=BSD16WS16-26g2; objectType=VmwareVm}","ny2p1-p-vctr01.redicloud.local","847e3e8e-9b1b-48b3-a032-773c214b3746","2020-01-14:01:0:::1578963618816-255e9978-9a34-4f63-9c9a-a53d494858fe","CREATE_VMWARE_SNAPSHOT_bbee8e36-0deb-4402-a1a0-8426f5643a12-vm-79044:::430","Canceled",,"2020-01-14T01:00:18.810Z","True","0","2020-01-13T01:01:55.010Z","System.Object[]",,"2020-01-14T01:00:18.816Z"
"Backup","@{objectId=VirtualMachine:::bbee8e36-0deb-4402-a1a0-8426f5643a12-vm-65610; objectName=B-OS122-WS12 (3d45519c-cffb-4c05-a0cc-d6a7c90616c5); objectType=VmwareVm}","ny2p1-p-vctr01.redicloud.local","dce5648e-e012-4824-bb20-43ae237b0289","2020-01-14:01:0:::1578963977593-c0d4b1ed-4439-473b-bfd4-665a23b34d67","CREATE_VMWARE_SNAPSHOT_bbee8e36-0deb-4402-a1a0-8426f5643a12-vm-65610:::496","Canceled",,"2020-01-14T01:06:17.585Z","True","0","2020-01-13T01:08:55.571Z","System.Object[]",,"2020-01-14T01:06:17.593Z"
"Archive","@{objectId=VirtualMachine:::bbee8e36-0deb-4402-a1a0-8426f5643a12-vm-13660; objectName=CLOUD2 (6c93ab80-a564-49a4-acd5-84437dce80ef); objectType=VmwareVm}","ny2p1-p-vctr01.redicloud.local","b982d9aa-0da6-4eb5-b3df-84ed276a9051","2020-01-14:00:5:::1578963153591-cf442158-4df4-4ebf-b2e8-cc378314fa5d","UPLOAD_bbee8e36-0deb-4402-a1a0-8426f5643a12-vm-13660:::894","Canceled","2020-01-12T02:12:57.326Z","2020-01-14T00:52:33.578Z","True","0","2020-01-11T07:54:56.637Z","System.Object[]","False","2020-01-14T00:52:33.591Z"
"Archive","@{objectId=VirtualMachine:::bbee8e36-0deb-4402-a1a0-8426f5643a12-vm-111325; objectName=GPFP02-UbqR; objectType=VmwareVm}","ny2p1-p-vctr01.redicloud.local","339bf44f-65dc-4680-8067-4daa3c7b14e9","2020-01-14:00:4:::1578962774806-680219cf-9d49-426a-9b2e-a38f8b4e1f1b","UPLOAD_bbee8e36-0deb-4402-a1a0-8426f5643a12-vm-111325:::297","Canceled","2020-01-12T12:39:18.470Z","2020-01-14T00:46:14.794Z","True","0","2020-01-11T07:37:44.171Z","System.Object[]","False","2020-01-14T00:46:14.806Z"
"Archive","@{objectId=VirtualMachine:::bbee8e36-0deb-4402-a1a0-8426f5643a12-vm-157502; objectName=DLCRCDFS01-m132; objectType=VmwareVm}","ny2p1-p-vctr01.redicloud.local","e85a23f0-7d36-444f-b150-0eda2d0ce488","2020-01-14:00:0:::1578960460641-d5ea6e76-af46-415d-bf15-6442f0d09b9c","UPLOAD_bbee8e36-0deb-4402-a1a0-8426f5643a12-vm-157502:::31","Canceled","2020-01-05T17:25:06.644Z","2020-01-14T00:07:40.628Z","True","1",,"System.Object[]","False","2020-01-14T00:07:40.641Z"
"Archive","@{objectId=VirtualMachine:::bbee8e36-0deb-4402-a1a0-8426f5643a12-vm-3753; objectName=TRI-PACS01 (9c4ad093-8ba8-4c49-84ad-48155ff15a4e); objectType=VmwareVm}","ny2p1-p-vctr01.redicloud.local","dc5aa770-742a-400a-ae8e-95af972a4976","2020-01-13:23:4:::1578959074572-6b8bc635-55ed-4bb8-9df9-6c34040c2dce","UPLOAD_bbee8e36-0deb-4402-a1a0-8426f5643a12-vm-3753:::2347","Canceled","2020-01-08T13:13:38.717Z","2020-01-13T23:44:34.561Z","True","0",,"System.Object[]","False","2020-01-13T23:44:34.572Z"
"Archive","@{objectId=VirtualMachine:::bbee8e36-0deb-4402-a1a0-8426f5643a12-vm-157167; objectName=Wtecexch10k-3lZg; objectType=VmwareVm}","ny2p1-p-vctr01.redicloud.local","2ef2d8a0-2bd3-4de6-ad77-c07edf06a72e","2020-01-13:23:3:::1578958474962-f08c07ea-4773-4f2a-a2d7-813a0928d3ec","UPLOAD_bbee8e36-0deb-4402-a1a0-8426f5643a12-vm-157167:::24","Canceled","2020-01-09T13:35:39.537Z","2020-01-13T23:34:34.945Z","True","1",,"System.Object[]","False","2020-01-13T23:34:34.962Z"
"Archive","@{objectId=VirtualMachine:::bbee8e36-0deb-4402-a1a0-8426f5643a12-vm-3755; objectName=TRI-INTERGY (884dfa77-f333-4b21-b012-274ab844eef6); objectType=VmwareVm}","ny2p1-p-vctr01.redicloud.local","fdd7e4ee-0b24-4109-beae-0de32e1dd3be","2020-01-13:23:3:::1578958625090-f0efb6a4-4756-4073-8cc6-e7c6b3277646","UPLOAD_bbee8e36-0deb-4402-a1a0-8426f5643a12-vm-3755:::2260","Canceled","2020-01-09T12:41:57.487Z","2020-01-13T23:37:05.077Z","True","1",,"System.Object[]","False","2020-01-13T23:37:05.090Z"
"Archive","@{objectId=VirtualMachine:::bbee8e36-0deb-4402-a1a0-8426f5643a12-vm-4783; objectName=CRCMS-DC01 (bde48f85-2f47-40a4-abcf-73ab061fa110); objectType=VmwareVm}","ny2p1-p-vctr01.redicloud.local","a884dc79-cf2a-4019-9c27-ebe6da871196","2020-01-13:22:5:::1578955997754-3765518f-4124-49d4-afea-2be2b0be4a91","UPLOAD_bbee8e36-0deb-4402-a1a0-8426f5643a12-vm-4783:::2232","Canceled","2020-01-13T22:04:44.899Z","2020-01-13T22:53:17.742Z","True","1","2020-01-06T11:35:11.283Z","System.Object[]","False","2020-01-13T22:53:17.754Z"
"Archive","@{objectId=VirtualMachine:::bbee8e36-0deb-4402-a1a0-8426f5643a12-vm-58805; objectName=GPAD04-I3D9; objectType=VmwareVm}","ny2p1-p-vctr01.redicloud.local","df23e19b-2a7d-4cf3-97af-f2c4752d63a2","2020-01-13:22:5:::1578956095993-5191030d-c2cc-4094-a8cc-d827d5131b5e","UPLOAD_bbee8e36-0deb-4402-a1a0-8426f5643a12-vm-58805:::230","Canceled",,"2020-01-13T22:54:55.987Z","True","1",,"System.Object[]",,"2020-01-13T22:54:55.993Z"
"Archive","@{objectId=VirtualMachine:::bbee8e36-0deb-4402-a1a0-8426f5643a12-vm-25544; objectName=PSSCOLOCW01 (e7bc6d21-9509-42d2-9432-635c755c3111); objectType=VmwareVm}","ny2p1-p-vctr01.redicloud.local","a3af392d-40e4-4801-aef9-6f8706b0098a","2020-01-13:22:5:::1578955997893-d9692004-f6e9-4386-aba8-2cf9d6e52244","UPLOAD_bbee8e36-0deb-4402-a1a0-8426f5643a12-vm-25544:::710","Canceled","2020-01-12T10:20:40.847Z","2020-01-13T22:53:17.883Z","True","0","2020-01-12T10:20:27.155Z","System.Object[]","False","2020-01-13T22:53:17.893Z"
"Archive","@{objectId=VirtualMachine:::bbee8e36-0deb-4402-a1a0-8426f5643a12-vm-29411; objectName=CWPWDataShare1 (b28ad9c5-e4c7-4df3-9468-f84128dbf96e); objectType=VmwareVm}","ny2p1-p-vctr01.redicloud.local","6b5868b8-e34d-4f33-8c06-505feb6878b6","2020-01-13:22:4:::1578955557483-400265e3-d8e6-478e-a45b-8a95f43ee320","UPLOAD_bbee8e36-0deb-4402-a1a0-8426f5643a12-vm-29411:::653","Canceled","2020-01-08T00:15:34.088Z","2020-01-13T22:45:57.472Z","True","1",,"System.Object[]","False","2020-01-13T22:45:57.483Z"
"Archive","@{objectId=VirtualMachine:::bbee8e36-0deb-4402-a1a0-8426f5643a12-vm-111015; objectName=GPAPP01-r959; objectType=VmwareVm}","ny2p1-p-vctr01.redicloud.local","54e74444-f294-4676-b851-36eecb461e5a","2020-01-13:22:4:::1578955505136-e9706645-4071-4d70-978f-7b334e2aa785","UPLOAD_bbee8e36-0deb-4402-a1a0-8426f5643a12-vm-111015:::308","Canceled",,"2020-01-13T22:45:05.126Z","True","1","2020-01-12T01:26:25.240Z","System.Object[]","False","2020-01-13T22:45:05.136Z"
"Archive","@{objectId=VirtualMachine:::bbee8e36-0deb-4402-a1a0-8426f5643a12-vm-27905; objectName=DataShare2 (eddf69d0-9bac-41fb-bfbc-a29020bb14c9); objectType=VmwareVm}","ny2p1-p-vctr01.redicloud.local","29a2da2a-8a9b-4ea9-b071-33362c6eb600","2020-01-13:22:4:::1578955513318-7cdb7e91-7b88-467d-b9bb-021886a74087","UPLOAD_bbee8e36-0deb-4402-a1a0-8426f5643a12-vm-27905:::752","Canceled","2020-01-08T17:29:57.579Z","2020-01-13T22:45:13.307Z","True","0","2020-01-08T16:42:36.888Z","System.Object[]","False","2020-01-13T22:45:13.318Z"
"Archive","@{objectId=VirtualMachine:::bbee8e36-0deb-4402-a1a0-8426f5643a12-vm-29322; objectName=CLOUD1 (119847e7-9b52-49b7-82cd-db5a94c1eb27); objectType=VmwareVm}","ny2p1-p-vctr01.redicloud.local","09ba6ce3-4cf8-41f3-9b08-d2925a95eea2","2020-01-13:22:4:::1578955706635-609fb13e-3db7-4305-ac89-9f567fa906b3","UPLOAD_bbee8e36-0deb-4402-a1a0-8426f5643a12-vm-29322:::694","Canceled",,"2020-01-13T22:48:26.628Z","True","1",,"System.Object[]","False","2020-01-13T22:48:26.635Z"
"Archive","@{objectId=VcdVapp:::42876cb2-f299-4347-b5f6-a7ff2734a361; objectName=DLCRCAE02 - Database; objectType=VcdVapp}","DLCMGT01\Tenant Portal","e2d7b910-1f75-4136-bb1b-0625b55dc2d8","2020-01-13:22:0:::1578952909719-4c2cc5c3-e634-4aa8-9367-eba5341c640a","UPLOAD_42876cb2-f299-4347-b5f6-a7ff2734a361:::487","Canceled","2020-01-13T22:00:29.716Z","2020-01-13T22:01:49.711Z","True","0","2020-01-14T05:08:00.541Z","System.Object[]","False","2020-01-13T22:01:49.719Z"
"Archive","@{objectId=VirtualMachine:::bbee8e36-0deb-4402-a1a0-8426f5643a12-vm-9498; objectName=DLCRCAE01 (a4846f4f-dff4-4d6f-9c77-d836d7bcdbe2); objectType=VmwareVm}","ny2p1-p-vctr01.redicloud.local","f4107930-85b6-409c-a6b1-4cdc102a4a88","2020-01-13:21:4:::1578952141433-e237ca3a-ed0a-4af6-a392-d13db115cdbb","UPLOAD_bbee8e36-0deb-4402-a1a0-8426f5643a12-vm-9498:::1084","Failure","2020-01-13T14:43:22.763Z","2020-01-13T21:49:01.423Z","True","2","2020-01-14T03:10:03.818Z","System.Object[]","False","2020-01-13T21:49:01.433Z"
"Archive","@{objectId=VirtualMachine:::bbee8e36-0deb-4402-a1a0-8426f5643a12-vm-126458; objectName=gpadminmg01-SCgf; objectType=VmwareVm}","ny2p1-p-vctr01.redicloud.local","2d142653-c25b-4820-9a05-6b86e4aed577","2020-01-13:21:3:::1578951293598-158c033a-5f71-415e-9fa4-8a291648c633","UPLOAD_bbee8e36-0deb-4402-a1a0-8426f5643a12-vm-126458:::256","Failure","2020-01-13T13:09:26.852Z","2020-01-13T21:34:53.589Z","True","2","2020-01-13T21:59:29.200Z","System.Object[]","False","2020-01-13T21:34:53.598Z"
"Backup","@{objectId=VirtualMachine:::63d0a6b5-a82b-4172-a92f-12cb954e7923-vm-42402; objectName=NY2P1-P-VCDUM01; objectType=VmwareVm}","ny2p1-m-vctr01.redicloud.local","c15d178f-bcd2-41ca-a200-cc74219d07e9","2020-01-13:19:2:::1578943272401-3629de93-c689-4451-af1c-9286b3dd954e","CREATE_VMWARE_SNAPSHOT_63d0a6b5-a82b-4172-a92f-12cb954e7923-vm-42402:::1134","Failure","2020-01-13T19:20:49.674Z","2020-01-13T19:21:12.373Z","True","2","2020-01-12T19:22:46.243Z","System.Object[]","False","2020-01-13T19:21:12.401Z"
"Backup","@{objectId=VirtualMachine:::63d0a6b5-a82b-4172-a92f-12cb954e7923-vm-91726; objectName=NY2P1-P-FTP01; objectType=VmwareVm}","ny2p1-m-vctr01.redicloud.local","5719b2f6-8933-48e3-a050-d2c178e7e315","2020-01-13:17:4:::1578937599327-abbedc03-b974-4cc0-a945-75d679a8604a","CREATE_VMWARE_SNAPSHOT_63d0a6b5-a82b-4172-a92f-12cb954e7923-vm-91726:::916","Failure","2020-01-13T17:45:41.111Z","2020-01-13T17:46:39.316Z","True","2","2020-01-12T18:50:04.873Z","System.Object[]","False","2020-01-13T17:46:39.000Z"
"Backup","@{objectId=VirtualMachine:::63d0a6b5-a82b-4172-a92f-12cb954e7923-vm-42402; objectName=NY2P1-P-VCDUM01; objectType=VmwareVm}","ny2p1-m-vctr01.redicloud.local","ca689c95-68a5-4ca3-a23b-160673639bbc","2020-01-13:07:1:::1578899993735-c321a0d9-a4bb-45d9-bf13-09b4d0ecada9","CREATE_VMWARE_SNAPSHOT_63d0a6b5-a82b-4172-a92f-12cb954e7923-vm-42402:::1131","Failure","2020-01-13T07:19:28.045Z","2020-01-13T07:19:53.708Z","True","2","2020-01-12T19:22:46.243Z","System.Object[]","False","2020-01-13T07:19:53.000Z"
"Backup","@{objectId=VirtualMachine:::63d0a6b5-a82b-4172-a92f-12cb954e7923-vm-91726; objectName=NY2P1-P-FTP01; objectType=VmwareVm}","ny2p1-m-vctr01.redicloud.local","0cfd5f87-d24c-4797-82fa-882f2797394b","2020-01-13:05:4:::1578894259885-0d2b2d60-d57f-41a3-aeb8-c08296f17dda","CREATE_VMWARE_SNAPSHOT_63d0a6b5-a82b-4172-a92f-12cb954e7923-vm-91726:::913","Failure","2020-01-13T05:43:17.707Z","2020-01-13T05:44:19.875Z","True","2","2020-01-12T18:50:04.873Z","System.Object[]","False","2020-01-13T05:44:19.000Z"
"Archive","@{objectId=VirtualMachine:::bbee8e36-0deb-4402-a1a0-8426f5643a12-vm-9506; objectName=DLCRCAE02 (a0b0c7cf-e8a3-4ed8-98e2-e1555edd948a); objectType=VmwareVm}","ny2p1-p-vctr01.redicloud.local","a8786f59-b40b-4567-8452-a74b38d659ca","2020-01-13:13:3:::1578922775954-35ef0567-cc8f-4063-9117-fd6b73f238c6","UPLOAD_bbee8e36-0deb-4402-a1a0-8426f5643a12-vm-9506:::1077","Failure","2020-01-13T13:38:20.079Z","2020-01-13T13:39:35.947Z","True","2","2020-01-14T04:59:46.637Z","System.Object[]","False","2020-01-13T13:39:35.000Z"
"Archive","@{objectId=VirtualMachine:::bbee8e36-0deb-4402-a1a0-8426f5643a12-vm-126460; objectName=gpadminnl01-ydIi; objectType=VmwareVm}","ny2p1-p-vctr01.redicloud.local","4252b3a1-d0c9-45ff-8e62-521815778db5","2020-01-13:13:2:::1578922049751-f0861a20-7e49-4823-adb9-223e78622d61","UPLOAD_bbee8e36-0deb-4402-a1a0-8426f5643a12-vm-126460:::259","Failure","2020-01-13T13:04:24.219Z","2020-01-13T13:27:29.733Z","True","2","2020-01-13T22:04:44.563Z","System.Object[]","False","2020-01-13T13:27:29.000Z"
